<?xml version="1.0" encoding="UTF-8"?>

<openbox_menu xmlns="http://openbox.org/"
        xmlns:xsi="http://www.w3.org/2001/XMLSchema-instance"
        xsi:schemaLocation="http://openbox.org/
                file:///usr/share/openbox/menu.xsd">

<menu id="root-menu" label="Openbox 3">
  <item label="Terminal emulator">
    <action name="Execute"><execute>x-terminal-emulator</execute></action>
  </item>
  <item label="Web browser">
    <action name="Execute"><execute>x-www-browser</execute></action>
  </item>
  <!-- This requires the presence of the 'obamenu' package to work -->
  <menu id="/Debian" />
  <separator />
  <menu id="applications-menu" label="Applications" execute="/usr/bin/obamenu"/>
  <separator />
  <item label="ObConf">
    <action name="Execute"><execute>obconf</execute></action>
  </item>
  <item label="Reconfigure">
    <action name="Reconfigure" />
  </item>
  <item label="Restart">
    <action name="Restart" />
  </item>
  <separator />
  <menu id="sistema" label="Sistema">
  	<item label="Cerrar sesión">
    	<action name="Exit">
    	</action>
  	</item>
  	<item label="Reiniciar">
    	<action name="Execute">
    	<prompt>¿Reiniciar?</prompt>
    	<execute>systemctl reboot</execute>
    	</action>
  	</item>
  	<item label="Apagar">
    	<action name="Execute">
    	<prompt>¿Apagar?</prompt>
    	<execute>systemctl poweroff</execute>
    	</action>
  	</item>
   </menu>
</menu>

</openbox_menu>
